experiment,dataset_type,reference,normalization,accuracy_mean,accuracy_std,precision_mean,precision_std,recall_mean,recall_std,f1_mean,f1_std,auc_mean,auc_std
experiment_1,raw,,,0.7136150234741784,0.016263387864496544,0.7365035362623082,0.01221074273534341,0.7234848484848485,0.02165063509461102,0.7243302164971608,0.019368245411140333,0.8880023979288686,0.007192983337210141
experiment_1,processed,ref1,macenko,0.7230046948356806,0.01626338786449654,0.756156273613059,0.008159722413571227,0.7434163059163059,0.014506033975814635,0.7391610921382238,0.010880942639581505,0.8780559193374319,0.0044844893714770795
experiment_1,processed,ref1,reinhard,0.7793427230046949,0.01626338786449648,0.8027584880252636,0.019134493496004358,0.7958333333333334,0.01843261372817644,0.7910465661181155,0.015716656910758946,0.9002147828828501,0.015109724370571556
experiment_1,processed,ref1,modified_reinhard,0.7511737089201879,0.029319239429100422,0.7700037136066546,0.029973932224033606,0.7652777777777778,0.03656104350330841,0.7631686628637847,0.033582186477676086,0.8969374871160586,0.006841867897623329
experiment_1,processed,ref1,vahadane,0.7370892018779341,0.05692185752573774,0.7707076194322121,0.04554255644869549,0.7529761904761904,0.05865364055396146,0.7517855337174977,0.054364788806038324,0.8774609165835393,0.023503231989709127
experiment_1,processed,ref1,zeng,0.7511737089201879,0.01626338786449648,0.7732303106331407,0.013590715343732934,0.7582070707070706,0.01924500897298746,0.7602288568962061,0.018148522239744225,0.8828002413086447,0.009294021533747001
experiment_1,processed,ref1,histogram_matching,0.7652582159624414,0.029319239429100422,0.8014320839978734,0.019102515480161404,0.7706529581529581,0.037345360165968754,0.770453514156095,0.033003372104661886,0.913826124548703,0.00735548828676188
experiment_2,processed,ref1,macenko,0.7230046948356806,0.01626338786449654,0.756156273613059,0.008159722413571227,0.7434163059163059,0.014506033975814635,0.7391610921382238,0.010880942639581505,0.8780559193374319,0.0044844893714770795
experiment_2,processed,ref2,macenko,0.7605633802816901,0.0487901635934895,0.7835492530345473,0.049391516141471456,0.7787878787878787,0.0460020685645009,0.7723023510892574,0.04751572740576978,0.8874452811427602,0.012371405596207526
experiment_2,processed,ref3,macenko,0.7417840375586855,0.021514439882421757,0.7555069249922192,0.028642007733623038,0.75755772005772,0.02310208947629679,0.7510008094378154,0.023924864000908777,0.8832874976146758,0.01045744860776707
experiment_2,processed,ref1,modified_reinhard,0.7511737089201879,0.029319239429100422,0.7700037136066546,0.029973932224033606,0.7652777777777778,0.03656104350330841,0.7631686628637847,0.033582186477676086,0.8969374871160586,0.006841867897623329
experiment_2,processed,ref2,modified_reinhard,0.7276995305164319,0.04065846966124126,0.7436009252185722,0.0378168220981762,0.7392676767676768,0.041911014475601076,0.7370942714692715,0.04129519286872018,0.8983201613978925,0.010704002481855705
experiment_2,processed,ref3,modified_reinhard,0.7417840375586855,0.06351055989891403,0.7612302171512697,0.06016047239491955,0.7580808080808081,0.060474921251688456,0.75569136022751,0.06051573911037617,0.9071700649956953,0.025729659547255684
experiment_2,processed,ref1,vahadane,0.7370892018779341,0.05692185752573774,0.7707076194322121,0.04554255644869549,0.7529761904761904,0.05865364055396146,0.7517855337174977,0.054364788806038324,0.8774609165835393,0.023503231989709127
experiment_2,processed,ref2,vahadane,0.7230046948356806,0.021514439882421802,0.7466265280700265,0.019093515653569166,0.7412518037518038,0.019123588948386464,0.7370896747737342,0.021294515357247776,0.8658785563667252,0.01334277541966777
experiment_2,processed,ref3,vahadane,0.7511737089201876,0.04302887976484357,0.7729340712893346,0.02798144758807516,0.7682900432900434,0.04396287864281209,0.7643437531066303,0.038277386446824734,0.8696928173183148,0.009574534857902075
experiment_2,processed,,multitarget_macenko,0.7230046948356806,0.021514439882421802,0.7488758149458614,0.028059741265405357,0.7384920634920635,0.02442523050345849,0.7343628928904806,0.024838911712672357,0.874338926160576,0.0008476268807922635
