experiment,dataset_type,reference,normalization,seed,accuracy,precision,recall,f1,auc
experiment_1,raw,,,42,0.704225352112676,0.7251417004048583,0.7109848484848484,0.7145663956639567,0.8943259121830551
experiment_1,raw,,,68,0.7323943661971831,0.7494152046783626,0.7484848484848485,0.7466371027346637,0.8895042107752191
experiment_1,raw,,,93,0.704225352112676,0.7349537037037037,0.7109848484848484,0.7117871510928622,0.8801770708283314
experiment_1,processed,ref1,macenko,42,0.7323943661971831,0.747203947368421,0.749621212121212,0.7402605779153768,0.8811535978027574
experiment_1,processed,ref1,macenko,68,0.7323943661971831,0.7580882352941177,0.7537878787878788,0.7494505494505495,0.8729134835752482
experiment_1,processed,ref1,macenko,93,0.704225352112676,0.7631766381766383,0.7268398268398268,0.7277721490487448,0.8801006766342901
experiment_1,processed,ref1,reinhard,42,0.7605633802816901,0.780690537084399,0.774621212121212,0.7729762969588551,0.8992960820691913
experiment_1,processed,ref1,reinhard,68,0.7887323943661971,0.8147321428571428,0.8079545454545454,0.8015350877192982,0.885585370511841
experiment_1,processed,ref1,reinhard,93,0.7887323943661971,0.8128527841342488,0.8049242424242424,0.7986283136761934,0.9157628960675178
experiment_1,processed,ref1,modified_reinhard,42,0.7183098591549296,0.7357954545454545,0.7246212121212121,0.7255244755244754,0.8890410709738441
experiment_1,processed,ref1,modified_reinhard,68,0.7605633802816901,0.7825490196078431,0.7757575757575758,0.773931623931624,0.9006709501982613
experiment_1,processed,ref1,modified_reinhard,93,0.7746478873239436,0.7916666666666666,0.7954545454545454,0.790049889135255,0.9011004401760704
experiment_1,processed,ref1,vahadane,42,0.676056338028169,0.7211970142748174,0.6912337662337662,0.6935992528097792,0.852081993084315
experiment_1,processed,ref1,vahadane,68,0.7887323943661971,0.8108137992038921,0.8079545454545454,0.8012820512820512,0.8818236385463277
experiment_1,processed,ref1,vahadane,93,0.7464788732394366,0.7801120448179272,0.7597402597402596,0.7604752970606629,0.8984771181199753
experiment_1,processed,ref1,zeng,42,0.7605633802816901,0.7852941176470589,0.7693181818181818,0.7717948717948717,0.88319623303867
experiment_1,processed,ref1,zeng,68,0.7605633802816901,0.7758907004830918,0.7693181818181818,0.7695798949737434,0.8733145530939648
experiment_1,processed,ref1,zeng,93,0.7323943661971831,0.7585061137692717,0.7359848484848486,0.7393118039200033,0.8918899377932992
experiment_1,processed,ref1,histogram_matching,42,0.7323943661971831,0.7863636363636364,0.7275974025974026,0.7332547641981605,0.905807634058408
experiment_1,processed,ref1,histogram_matching,68,0.7746478873239436,0.7950159489633173,0.7900974025974026,0.7818826505439083,0.9154102789441135
experiment_1,processed,ref1,histogram_matching,93,0.7887323943661971,0.8229166666666666,0.7942640692640692,0.7962231277262163,0.9202604606435875
experiment_2,processed,ref1,macenko,42,0.7323943661971831,0.747203947368421,0.749621212121212,0.7402605779153768,0.8811535978027574
experiment_2,processed,ref1,macenko,68,0.7323943661971831,0.7580882352941177,0.7537878787878788,0.7494505494505495,0.8729134835752482
experiment_2,processed,ref1,macenko,93,0.704225352112676,0.7631766381766383,0.7268398268398268,0.7277721490487448,0.8801006766342901
experiment_2,processed,ref2,macenko,42,0.7323943661971831,0.7580882352941176,0.749621212121212,0.7476648351648352,0.8829490887263998
experiment_2,processed,ref2,macenko,68,0.7323943661971831,0.7520833333333334,0.7549242424242424,0.7421653796653798,0.8779507257448433
experiment_2,processed,ref2,macenko,93,0.8169014084507042,0.8404761904761905,0.8318181818181818,0.8270768384375573,0.9014360289570373
experiment_2,processed,ref3,macenko,42,0.7183098591549296,0.7224702380952381,0.7329545454545454,0.7245312090217676,0.882573735235721
experiment_2,processed,ref3,macenko,68,0.7464788732394366,0.7706845238095239,0.7609307359307359,0.757385842655419,0.8732052151003942
experiment_2,processed,ref3,macenko,93,0.7605633802816901,0.7733660130718955,0.7787878787878787,0.7710853766362596,0.8940835425079123
experiment_2,processed,ref1,modified_reinhard,42,0.7183098591549296,0.7357954545454545,0.7246212121212121,0.7255244755244754,0.8890410709738441
experiment_2,processed,ref1,modified_reinhard,68,0.7605633802816901,0.7825490196078431,0.7757575757575758,0.773931623931624,0.9006709501982613
experiment_2,processed,ref1,modified_reinhard,93,0.7746478873239436,0.7916666666666666,0.7954545454545454,0.790049889135255,0.9011004401760704
experiment_2,processed,ref2,modified_reinhard,42,0.704225352112676,0.7237394957983192,0.7090909090909091,0.7072649572649573,0.8957889974171487
experiment_2,processed,ref2,modified_reinhard,68,0.704225352112676,0.7198529411764705,0.7215909090909091,0.7197916666666666,0.8891085979846485
experiment_2,processed,ref2,modified_reinhard,93,0.7746478873239436,0.7872103386809269,0.7871212121212121,0.7842261904761905,0.9100628887918805
experiment_2,processed,ref3,modified_reinhard,42,0.676056338028169,0.6958333333333333,0.6946969696969697,0.6924242424242425,0.8780446269416858
experiment_2,processed,ref3,modified_reinhard,68,0.8028169014084507,0.8142194976076556,0.8151515151515152,0.8130174965344124,0.9166537069373204
experiment_2,processed,ref3,modified_reinhard,93,0.7464788732394366,0.7736378205128205,0.7643939393939394,0.7616323417238748,0.9268118611080797
experiment_2,processed,ref1,vahadane,42,0.676056338028169,0.7211970142748174,0.6912337662337662,0.6935992528097792,0.852081993084315
experiment_2,processed,ref1,vahadane,68,0.7887323943661971,0.8108137992038921,0.8079545454545454,0.8012820512820512,0.8818236385463277
experiment_2,processed,ref1,vahadane,93,0.7464788732394366,0.7801120448179272,0.7597402597402596,0.7604752970606629,0.8984771181199753
experiment_2,processed,ref2,vahadane,42,0.704225352112676,0.7337875939849624,0.7245670995670995,0.7188481859534491,0.8522806850012733
experiment_2,processed,ref2,vahadane,68,0.7464788732394366,0.7685680332739157,0.7621212121212121,0.7604895104895104,0.8664042889883226
experiment_2,processed,ref2,vahadane,93,0.7183098591549296,0.7375239569512015,0.7370670995670996,0.7319313278782432,0.8789506951105801
experiment_2,processed,ref3,vahadane,42,0.704225352112676,0.7425595238095238,0.7204004329004329,0.7223767413112728,0.8610737476808905
experiment_2,processed,ref3,vahadane,68,0.7605633802816901,0.7785818713450292,0.7776515151515151,0.7733174399413167,0.8680060660627887
experiment_2,processed,ref3,vahadane,93,0.7887323943661971,0.7976608187134503,0.8068181818181819,0.7973370780673011,0.8799986382112653
experiment_2,processed,,multitarget_macenko,42,0.704225352112676,0.7165731424148607,0.7204545454545455,0.7093739676881592,0.8742431063334424
experiment_2,processed,,multitarget_macenko,68,0.7464788732394366,0.7672070802005013,0.7662878787878787,0.7590490226456659,0.8735432809487431
experiment_2,processed,,multitarget_macenko,93,0.7183098591549296,0.7628472222222222,0.7287337662337662,0.734665688337617,0.875230391199542
